{"info":{"year":"2023","version":"1","description":"Exported from roboflow.com","contributor":"","url":"https://public.roboflow.com/object-detection/undefined","date_created":"2023-08-18T17:25:04+00:00"},"licenses":[{"id":1,"url":"https://creativecommons.org/licenses/by/4.0/","name":"CC BY 4.0"}],"categories":[{"id":0,"name":"Flowers","supercategory":"none"},{"id":1,"name":"Flowers","supercategory":"Flowers"}],"images":[{"id":0,"license":1,"file_name":"image3-Copy_png.rf.027c0535bc2d9cf5666a8975712dbc08.jpg","height":320,"width":320,"date_captured":"2023-08-18T17:25:04+00:00"},{"id":1,"license":1,"file_name":"image1-Copy_jpg.rf.023b1232394351426bbdb7dd6b429dcc.jpg","height":320,"width":320,"date_captured":"2023-08-18T17:25:04+00:00"},{"id":2,"license":1,"file_name":"image5-Copy_jpg.rf.29a3f93e02227180de9720af4bfcb55f.jpg","height":320,"width":320,"date_captured":"2023-08-18T17:25:04+00:00"},{"id":3,"license":1,"file_name":"image4-Copy_jpg.rf.076b756209c86f9ccfc74fcfb8712dd8.jpg","height":320,"width":320,"date_captured":"2023-08-18T17:25:04+00:00"},{"id":4,"license":1,"file_name":"image22-Copy_jpg.rf.14df430787ffd4cc71efdcc83a723b34.jpg","height":320,"width":320,"date_captured":"2023-08-18T17:25:04+00:00"},{"id":5,"license":1,"file_name":"image15-Copy_jpg.rf.0e98497c3cceb95b4a49de82d7fb131b.jpg","height":320,"width":320,"date_captured":"2023-08-18T17:25:04+00:00"},{"id":6,"license":1,"file_name":"image21-Copy_jpg.rf.311d436a58e249a68a93bde1190e9dc8.jpg","height":320,"width":320,"date_captured":"2023-08-18T17:25:04+00:00"},{"id":7,"license":1,"file_name":"image16-Copy_jpg.rf.084c37ec57af2dafb413637dd6d6d434.jpg","height":320,"width":320,"date_captured":"2023-08-18T17:25:04+00:00"},{"id":8,"license":1,"file_name":"image40_jpg.rf.34f0dfa4d4868c0ebcb747d56c009f7f.jpg","height":320,"width":320,"date_captured":"2023-08-18T17:25:04+00:00"},{"id":9,"license":1,"file_name":"image22-Copy_jpg.rf.35cd5cda1b483440ff8c57a9fbaf5fe8.jpg","height":320,"width":320,"date_captured":"2023-08-18T17:25:04+00:00"},{"id":10,"license":1,"file_name":"image36_jpg.rf.0bbd75350c996b20f94ca1caf2a61aa0.jpg","height":320,"width":320,"date_captured":"2023-08-18T17:25:04+00:00"},{"id":11,"license":1,"file_name":"image7-Copy_jpg.rf.1a32eefe18051fc6b366ff06c577c941.jpg","height":320,"width":320,"date_captured":"2023-08-18T17:25:04+00:00"},{"id":12,"license":1,"file_name":"image36_jpg.rf.0805eeb6c8d1ec818073e442a0902a36.jpg","height":320,"width":320,"date_captured":"2023-08-18T17:25:04+00:00"},{"id":13,"license":1,"file_name":"image3-Copy_png.rf.26e434211a6cbd04df3cb67e0781ce58.jpg","height":320,"width":320,"date_captured":"2023-08-18T17:25:04+00:00"},{"id":14,"license":1,"file_name":"image34_jpg.rf.2f40aac286ffd208033f7e6eb291e399.jpg","height":320,"width":320,"date_captured":"2023-08-18T17:25:04+00:00"},{"id":15,"license":1,"file_name":"image31-Copy_jpg.rf.37aa8455fe8c8f63e440e77878176440.jpg","height":320,"width":320,"date_captured":"2023-08-18T17:25:04+00:00"},{"id":16,"license":1,"file_name":"image21-Copy_jpg.rf.3bc303f72ab5688083932fc9afe00bdc.jpg","height":320,"width":320,"date_captured":"2023-08-18T17:25:04+00:00"},{"id":17,"license":1,"file_name":"image2-Copy_jpg.rf.2fc274c2655b1973e15a7806de3169f4.jpg","height":320,"width":320,"date_captured":"2023-08-18T17:25:04+00:00"},{"id":18,"license":1,"file_name":"image19-Copy_jpg.rf.15e76ab1172887eea2d14ba4824cf740.jpg","height":320,"width":320,"date_captured":"2023-08-18T17:25:04+00:00"},{"id":19,"license":1,"file_name":"image30-Copy_jpg.rf.13933c43bac368a63536966c309216a5.jpg","height":320,"width":320,"date_captured":"2023-08-18T17:25:04+00:00"},{"id":20,"license":1,"file_name":"image6-Copy_jpg.rf.4f70a27fa5787b15705919cc583ef6f3.jpg","height":320,"width":320,"date_captured":"2023-08-18T17:25:04+00:00"},{"id":21,"license":1,"file_name":"image13-Copy_jpg.rf.3edf96dbbdd9d2fd83b18a4527b6b15e.jpg","height":320,"width":320,"date_captured":"2023-08-18T17:25:04+00:00"},{"id":22,"license":1,"file_name":"image8-Copy_jpg.rf.1d72b6e0818e45e85ef5548ba3c58b65.jpg","height":320,"width":320,"date_captured":"2023-08-18T17:25:04+00:00"},{"id":23,"license":1,"file_name":"image40_jpg.rf.6dd4d762a8206d9d2f0b559ec148cf71.jpg","height":320,"width":320,"date_captured":"2023-08-18T17:25:04+00:00"},{"id":24,"license":1,"file_name":"image5-Copy_jpg.rf.380ca861c9f5325dbd46577b98cb7ad0.jpg","height":320,"width":320,"date_captured":"2023-08-18T17:25:04+00:00"},{"id":25,"license":1,"file_name":"image38_jpg.rf.5f610d4b8cc4996c53ffc720ff9b5251.jpg","height":320,"width":320,"date_captured":"2023-08-18T17:25:04+00:00"},{"id":26,"license":1,"file_name":"image11-Copy_jpg.rf.74cd6d3f0c35731c920bd5122cdc8605.jpg","height":320,"width":320,"date_captured":"2023-08-18T17:25:04+00:00"},{"id":27,"license":1,"file_name":"image23-Copy_jpg.rf.7c22b6e47d520def23588b8190a5ed77.jpg","height":320,"width":320,"date_captured":"2023-08-18T17:25:04+00:00"},{"id":28,"license":1,"file_name":"image40_jpg.rf.52c89375a710e82355cf78554c7f7de7.jpg","height":320,"width":320,"date_captured":"2023-08-18T17:25:04+00:00"},{"id":29,"license":1,"file_name":"image26-Copy_jpg.rf.0da36c59c766f488d04983c50f635c46.jpg","height":320,"width":320,"date_captured":"2023-08-18T17:25:04+00:00"},{"id":30,"license":1,"file_name":"image4-Copy_jpg.rf.55450010dfd181158e6bbe24fb45315d.jpg","height":320,"width":320,"date_captured":"2023-08-18T17:25:04+00:00"},{"id":31,"license":1,"file_name":"image36_jpg.rf.7b8c6c3b9f089e511dc83d87226b28fd.jpg","height":320,"width":320,"date_captured":"2023-08-18T17:25:04+00:00"},{"id":32,"license":1,"file_name":"image12-Copy_jpg.rf.5f221712f74269356a8ccd7da772eb24.jpg","height":320,"width":320,"date_captured":"2023-08-18T17:25:04+00:00"},{"id":33,"license":1,"file_name":"image35_jpg.rf.5b905127dbbabe06bb0ced8eb120b2e7.jpg","height":320,"width":320,"date_captured":"2023-08-18T17:25:04+00:00"},{"id":34,"license":1,"file_name":"image23-Copy_jpg.rf.7b6f9a5fc1a8ebc758b52f1c3c031dfd.jpg","height":320,"width":320,"date_captured":"2023-08-18T17:25:04+00:00"},{"id":35,"license":1,"file_name":"image34_jpg.rf.63e8f34a67eff85fae440e580c311130.jpg","height":320,"width":320,"date_captured":"2023-08-18T17:25:04+00:00"},{"id":36,"license":1,"file_name":"image13-Copy_jpg.rf.5fd8d698964b7fdf83dfe1054d3ae8fd.jpg","height":320,"width":320,"date_captured":"2023-08-18T17:25:04+00:00"},{"id":37,"license":1,"file_name":"image15-Copy_jpg.rf.4b8c8d9d0e0a98b9385ed2dce31978d0.jpg","height":320,"width":320,"date_captured":"2023-08-18T17:25:04+00:00"},{"id":38,"license":1,"file_name":"image9-Copy_jpg.rf.808f95945bfa0eda4fae71ed7d10ab04.jpg","height":320,"width":320,"date_captured":"2023-08-18T17:25:04+00:00"},{"id":39,"license":1,"file_name":"image33_jpg.rf.8671b723881ce9de3d715497dd4ee65b.jpg","height":320,"width":320,"date_captured":"2023-08-18T17:25:04+00:00"},{"id":40,"license":1,"file_name":"image7-Copy_jpg.rf.7fd1e44101a3fe9577614ca1e78da817.jpg","height":320,"width":320,"date_captured":"2023-08-18T17:25:04+00:00"},{"id":41,"license":1,"file_name":"image34_jpg.rf.8eae283aebb0633672f56931fdd16981.jpg","height":320,"width":320,"date_captured":"2023-08-18T17:25:04+00:00"},{"id":42,"license":1,"file_name":"image38_jpg.rf.8613b6cef35b113ad3e6934138d9d49f.jpg","height":320,"width":320,"date_captured":"2023-08-18T17:25:04+00:00"},{"id":43,"license":1,"file_name":"image12-Copy_jpg.rf.96bbd713dc942a86008396c518c1743c.jpg","height":320,"width":320,"date_captured":"2023-08-18T17:25:04+00:00"},{"id":44,"license":1,"file_name":"image28-Copy_jpg.rf.91ea606020609a7754e3383f7df0a11e.jpg","height":320,"width":320,"date_captured":"2023-08-18T17:25:04+00:00"},{"id":45,"license":1,"file_name":"image22-Copy_jpg.rf.771ce37c3ac6f903a429698a4fbf3566.jpg","height":320,"width":320,"date_captured":"2023-08-18T17:25:04+00:00"},{"id":46,"license":1,"file_name":"image8-Copy_jpg.rf.a22ce325fc705c7e11f01871ae9e2aaf.jpg","height":320,"width":320,"date_captured":"2023-08-18T17:25:04+00:00"},{"id":47,"license":1,"file_name":"image28-Copy_jpg.rf.90f65222bec251ae2149aec44be0a08a.jpg","height":320,"width":320,"date_captured":"2023-08-18T17:25:04+00:00"},{"id":48,"license":1,"file_name":"image33_jpg.rf.8c6e3de77b3ae0d8e74552fc243d6915.jpg","height":320,"width":320,"date_captured":"2023-08-18T17:25:04+00:00"},{"id":49,"license":1,"file_name":"image6-Copy_jpg.rf.b689593dd34c3adc4db9fb0719274beb.jpg","height":320,"width":320,"date_captured":"2023-08-18T17:25:04+00:00"},{"id":50,"license":1,"file_name":"image9-Copy_jpg.rf.b2b5367a6537d7ae1f5a4862f4208546.jpg","height":320,"width":320,"date_captured":"2023-08-18T17:25:04+00:00"},{"id":51,"license":1,"file_name":"image2-Copy_jpg.rf.9ad576147349836e4067ed454c378566.jpg","height":320,"width":320,"date_captured":"2023-08-18T17:25:04+00:00"},{"id":52,"license":1,"file_name":"image1-Copy_jpg.rf.b1608b0ce58feb124873c08770598426.jpg","height":320,"width":320,"date_captured":"2023-08-18T17:25:04+00:00"},{"id":53,"license":1,"file_name":"image12-Copy_jpg.rf.88bcd80efd8980a2fdc5713289b082bd.jpg","height":320,"width":320,"date_captured":"2023-08-18T17:25:04+00:00"},{"id":54,"license":1,"file_name":"image16-Copy_jpg.rf.a2b6dc59b71cbb1c2f5a9b1f017994fb.jpg","height":320,"width":320,"date_captured":"2023-08-18T17:25:04+00:00"},{"id":55,"license":1,"file_name":"image31-Copy_jpg.rf.be397682ac67d9078eb8d5b0af4a1b23.jpg","height":320,"width":320,"date_captured":"2023-08-18T17:25:04+00:00"},{"id":56,"license":1,"file_name":"image35_jpg.rf.868abec023b8ee78c8679c3c4cc2c907.jpg","height":320,"width":320,"date_captured":"2023-08-18T17:25:04+00:00"},{"id":57,"license":1,"file_name":"image13-Copy_jpg.rf.9f692b1f78526aee8ce17833765ffce6.jpg","height":320,"width":320,"date_captured":"2023-08-18T17:25:04+00:00"},{"id":58,"license":1,"file_name":"image7-Copy_jpg.rf.c090737d840344cf5fe95aee87c221b0.jpg","height":320,"width":320,"date_captured":"2023-08-18T17:25:04+00:00"},{"id":59,"license":1,"file_name":"image9-Copy_jpg.rf.988ecf593961f341420d9ef1bcd8357a.jpg","height":320,"width":320,"date_captured":"2023-08-18T17:25:04+00:00"},{"id":60,"license":1,"file_name":"image26-Copy_jpg.rf.94033ba0f686bcdf9e17fa53da0c01a8.jpg","height":320,"width":320,"date_captured":"2023-08-18T17:25:04+00:00"},{"id":61,"license":1,"file_name":"image26-Copy_jpg.rf.96e0dcc8b657a4c4f0678bf71fbd907b.jpg","height":320,"width":320,"date_captured":"2023-08-18T17:25:04+00:00"},{"id":62,"license":1,"file_name":"image30-Copy_jpg.rf.9b6e4e8f7d5138c3567a49d55b6c0535.jpg","height":320,"width":320,"date_captured":"2023-08-18T17:25:04+00:00"},{"id":63,"license":1,"file_name":"image3-Copy_png.rf.cba2f49a4e4737be5a1cee77c9a86c93.jpg","height":320,"width":320,"date_captured":"2023-08-18T17:25:04+00:00"},{"id":64,"license":1,"file_name":"image1-Copy_jpg.rf.b3af36d48031824e6f52513cb2341383.jpg","height":320,"width":320,"date_captured":"2023-08-18T17:25:04+00:00"},{"id":65,"license":1,"file_name":"image30-Copy_jpg.rf.c3f7a3cadc527420fa14d8874a0280e0.jpg","height":320,"width":320,"date_captured":"2023-08-18T17:25:04+00:00"},{"id":66,"license":1,"file_name":"image11-Copy_jpg.rf.a9d5a2b60205ee02161c7763d3dc1e25.jpg","height":320,"width":320,"date_captured":"2023-08-18T17:25:04+00:00"},{"id":67,"license":1,"file_name":"image2-Copy_jpg.rf.1a04b4bc05faa11f02b22759c566ab21.jpg","height":320,"width":320,"date_captured":"2023-08-18T17:25:04+00:00"},{"id":68,"license":1,"file_name":"image4-Copy_jpg.rf.c75d35b48603d67592b423568683b520.jpg","height":320,"width":320,"date_captured":"2023-08-18T17:25:04+00:00"},{"id":69,"license":1,"file_name":"image35_jpg.rf.bd8d318b41e806fb11fa165bbe116b9b.jpg","height":320,"width":320,"date_captured":"2023-08-18T17:25:04+00:00"},{"id":70,"license":1,"file_name":"image5-Copy_jpg.rf.d5a60ad74b4f30ec5e445bce6d1dda4c.jpg","height":320,"width":320,"date_captured":"2023-08-18T17:25:04+00:00"},{"id":71,"license":1,"file_name":"image19-Copy_jpg.rf.e1607b9e776c4332ef923c38b621e0c1.jpg","height":320,"width":320,"date_captured":"2023-08-18T17:25:04+00:00"},{"id":72,"license":1,"file_name":"image11-Copy_jpg.rf.ec26c12d3ec4cda5d197a868c054c4f3.jpg","height":320,"width":320,"date_captured":"2023-08-18T17:25:04+00:00"},{"id":73,"license":1,"file_name":"image33_jpg.rf.fcafab18188a56fc14ddff8f3d93eecc.jpg","height":320,"width":320,"date_captured":"2023-08-18T17:25:04+00:00"},{"id":74,"license":1,"file_name":"image23-Copy_jpg.rf.f3b5717a35cce49f8507f846cbb6be8f.jpg","height":320,"width":320,"date_captured":"2023-08-18T17:25:04+00:00"},{"id":75,"license":1,"file_name":"image15-Copy_jpg.rf.cfe69f9e32bbec3896ea869f499f37da.jpg","height":320,"width":320,"date_captured":"2023-08-18T17:25:04+00:00"},{"id":76,"license":1,"file_name":"image8-Copy_jpg.rf.fcadc2d1d6f167dfe8a83fa838755f26.jpg","height":320,"width":320,"date_captured":"2023-08-18T17:25:04+00:00"},{"id":77,"license":1,"file_name":"image6-Copy_jpg.rf.c3e35a0035147ab581e48a1ab7abfafd.jpg","height":320,"width":320,"date_captured":"2023-08-18T17:25:04+00:00"},{"id":78,"license":1,"file_name":"image19-Copy_jpg.rf.dff6416fb18a99c3c616640a3780e463.jpg","height":320,"width":320,"date_captured":"2023-08-18T17:25:04+00:00"},{"id":79,"license":1,"file_name":"image38_jpg.rf.d5a0fb5030350d6cdb0706d001d63bc1.jpg","height":320,"width":320,"date_captured":"2023-08-18T17:25:04+00:00"},{"id":80,"license":1,"file_name":"image31-Copy_jpg.rf.fe6d55b7ad5ca62d68c3aa94e9eaf94e.jpg","height":320,"width":320,"date_captured":"2023-08-18T17:25:04+00:00"},{"id":81,"license":1,"file_name":"image21-Copy_jpg.rf.fd95a5b94ddd6ef4a7efa6767ba9c16a.jpg","height":320,"width":320,"date_captured":"2023-08-18T17:25:04+00:00"},{"id":82,"license":1,"file_name":"image16-Copy_jpg.rf.ce22bfe67798bfaee013e3e821e3ff17.jpg","height":320,"width":320,"date_captured":"2023-08-18T17:25:04+00:00"},{"id":83,"license":1,"file_name":"image28-Copy_jpg.rf.f7e42885689b8dbcc63f0217821eedb6.jpg","height":320,"width":320,"date_captured":"2023-08-18T17:25:04+00:00"}],"annotations":[{"id":0,"image_id":0,"category_id":1,"bbox":[0,99,296,191],"area":56536,"segmentation":[],"iscrowd":0},{"id":1,"image_id":1,"category_id":1,"bbox":[0,0,320,295],"area":94400,"segmentation":[],"iscrowd":0},{"id":2,"image_id":1,"category_id":1,"bbox":[0,200,309,120],"area":37080,"segmentation":[],"iscrowd":0},{"id":3,"image_id":2,"category_id":1,"bbox":[0,0,167,137],"area":22879,"segmentation":[],"iscrowd":0},{"id":4,"image_id":3,"category_id":1,"bbox":[106,73,154,178],"area":27412,"segmentation":[],"iscrowd":0},{"id":5,"image_id":4,"category_id":1,"bbox":[56,196,43.78,44.32],"area":1940.33,"segmentation":[],"iscrowd":0},{"id":6,"image_id":4,"category_id":1,"bbox":[47,146,34.86,42.43],"area":1479.11,"segmentation":[],"iscrowd":0},{"id":7,"image_id":4,"category_id":1,"bbox":[73,83,55.14,50],"area":2757,"segmentation":[],"iscrowd":0},{"id":8,"image_id":4,"category_id":1,"bbox":[169,75,40.54,40.27],"area":1632.546,"segmentation":[],"iscrowd":0},{"id":9,"image_id":4,"category_id":1,"bbox":[149,138,36.76,44.05],"area":1619.278,"segmentation":[],"iscrowd":0},{"id":10,"image_id":4,"category_id":1,"bbox":[76,154,37.3,44.32],"area":1653.136,"segmentation":[],"iscrowd":0},{"id":11,"image_id":4,"category_id":1,"bbox":[118,174,37.3,43.51],"area":1622.923,"segmentation":[],"iscrowd":0},{"id":12,"image_id":4,"category_id":1,"bbox":[240,154,38.92,41.08],"area":1598.834,"segmentation":[],"iscrowd":0},{"id":13,"image_id":4,"category_id":1,"bbox":[195,106,50.54,32.43],"area":1639.012,"segmentation":[],"iscrowd":0},{"id":14,"image_id":4,"category_id":1,"bbox":[221,136,34.59,33.78],"area":1168.45,"segmentation":[],"iscrowd":0},{"id":15,"image_id":5,"category_id":1,"bbox":[0,0,314,320],"area":100480,"segmentation":[],"iscrowd":0},{"id":16,"image_id":6,"category_id":1,"bbox":[110,103,136,131],"area":17816,"segmentation":[],"iscrowd":0},{"id":17,"image_id":6,"category_id":1,"bbox":[312,171,8,67],"area":536,"segmentation":[],"iscrowd":0},{"id":18,"image_id":7,"category_id":1,"bbox":[78,14,200,169],"area":33800,"segmentation":[],"iscrowd":0},{"id":19,"image_id":7,"category_id":1,"bbox":[31,17,77,104],"area":8008,"segmentation":[],"iscrowd":0},{"id":20,"image_id":7,"category_id":1,"bbox":[0,114,107,206],"area":22042,"segmentation":[],"iscrowd":0},{"id":21,"image_id":8,"category_id":1,"bbox":[232,31,79.47,112.11],"area":8909.382,"segmentation":[],"iscrowd":0},{"id":22,"image_id":8,"category_id":1,"bbox":[146,20,46.84,90.53],"area":4240.425,"segmentation":[],"iscrowd":0},{"id":23,"image_id":9,"category_id":1,"bbox":[68,209,53,54],"area":2862,"segmentation":[],"iscrowd":0},{"id":24,"image_id":9,"category_id":1,"bbox":[47,165,44,50],"area":2200,"segmentation":[],"iscrowd":0},{"id":25,"image_id":9,"category_id":1,"bbox":[56,93,66,62],"area":4092,"segmentation":[],"iscrowd":0},{"id":26,"image_id":9,"category_id":1,"bbox":[148,66,49,49],"area":2401,"segmentation":[],"iscrowd":0},{"id":27,"image_id":9,"category_id":1,"bbox":[144,132,46,52],"area":2392,"segmentation":[],"iscrowd":0},{"id":28,"image_id":9,"category_id":1,"bbox":[78,166,47,52],"area":2444,"segmentation":[],"iscrowd":0},{"id":29,"image_id":9,"category_id":1,"bbox":[122,175,47,51],"area":2397,"segmentation":[],"iscrowd":0},{"id":30,"image_id":9,"category_id":1,"bbox":[236,126,48,49],"area":2352,"segmentation":[],"iscrowd":0},{"id":31,"image_id":9,"category_id":1,"bbox":[181,87,57,44],"area":2508,"segmentation":[],"iscrowd":0},{"id":32,"image_id":9,"category_id":1,"bbox":[213,114,42,41],"area":1722,"segmentation":[],"iscrowd":0},{"id":33,"image_id":10,"category_id":1,"bbox":[0,0,194,207],"area":40158,"segmentation":[],"iscrowd":0},{"id":34,"image_id":10,"category_id":1,"bbox":[0,141,194,179],"area":34726,"segmentation":[],"iscrowd":0},{"id":35,"image_id":10,"category_id":1,"bbox":[143,0,177,259],"area":45843,"segmentation":[],"iscrowd":0},{"id":36,"image_id":11,"category_id":1,"bbox":[0,0,320,320],"area":102400,"segmentation":[],"iscrowd":0},{"id":37,"image_id":12,"category_id":1,"bbox":[0,17,177,189],"area":33453,"segmentation":[],"iscrowd":0},{"id":38,"image_id":12,"category_id":1,"bbox":[15,159,180,161],"area":28980,"segmentation":[],"iscrowd":0},{"id":39,"image_id":12,"category_id":1,"bbox":[153,0,167,240],"area":40080,"segmentation":[],"iscrowd":0},{"id":40,"image_id":13,"category_id":1,"bbox":[0,74,304,235],"area":71440,"segmentation":[],"iscrowd":0},{"id":41,"image_id":14,"category_id":1,"bbox":[148,76,105.28,112.22],"area":11814.522,"segmentation":[],"iscrowd":0},{"id":42,"image_id":15,"category_id":1,"bbox":[0,0,120,33],"area":3960,"segmentation":[],"iscrowd":0},{"id":43,"image_id":15,"category_id":1,"bbox":[0,32,34,148],"area":5032,"segmentation":[],"iscrowd":0},{"id":44,"image_id":15,"category_id":1,"bbox":[77,72,117.14,134.29],"area":15730.731,"segmentation":[],"iscrowd":0},{"id":45,"image_id":16,"category_id":1,"bbox":[119,121,111.43,104.29],"area":11621.035,"segmentation":[],"iscrowd":0},{"id":46,"image_id":16,"category_id":1,"bbox":[302,217,18,65],"area":1170,"segmentation":[],"iscrowd":0},{"id":47,"image_id":18,"category_id":1,"bbox":[242,101,78,219],"area":17082,"segmentation":[],"iscrowd":0},{"id":48,"image_id":18,"category_id":1,"bbox":[147,4,173,221],"area":38233,"segmentation":[],"iscrowd":0},{"id":49,"image_id":19,"category_id":1,"bbox":[0,0,320,320],"area":102400,"segmentation":[],"iscrowd":0},{"id":50,"image_id":21,"category_id":1,"bbox":[0,0,320,320],"area":102400,"segmentation":[],"iscrowd":0},{"id":51,"image_id":22,"category_id":1,"bbox":[86,0,155,56],"area":8680,"segmentation":[],"iscrowd":0},{"id":52,"image_id":22,"category_id":1,"bbox":[130,228,64,92],"area":5888,"segmentation":[],"iscrowd":0},{"id":53,"image_id":23,"category_id":1,"bbox":[233,40,87,121],"area":10527,"segmentation":[],"iscrowd":0},{"id":54,"image_id":23,"category_id":1,"bbox":[152,20,58,96],"area":5568,"segmentation":[],"iscrowd":0},{"id":55,"image_id":24,"category_id":1,"bbox":[19,0,201,128],"area":25728,"segmentation":[],"iscrowd":0},{"id":56,"image_id":25,"category_id":1,"bbox":[206,116,67,126],"area":8442,"segmentation":[],"iscrowd":0},{"id":57,"image_id":25,"category_id":1,"bbox":[156,167,59,79],"area":4661,"segmentation":[],"iscrowd":0},{"id":58,"image_id":25,"category_id":1,"bbox":[135,82,53.67,81.33],"area":4364.981,"segmentation":[],"iscrowd":0},{"id":59,"image_id":26,"category_id":1,"bbox":[0,66,55,157],"area":8635,"segmentation":[],"iscrowd":0},{"id":60,"image_id":26,"category_id":1,"bbox":[4,31,203,289],"area":58667,"segmentation":[],"iscrowd":0},{"id":61,"image_id":26,"category_id":1,"bbox":[7,0,221,113],"area":24973,"segmentation":[],"iscrowd":0},{"id":62,"image_id":26,"category_id":1,"bbox":[149,0,156,125],"area":19500,"segmentation":[],"iscrowd":0},{"id":63,"image_id":26,"category_id":1,"bbox":[210,219,110,88],"area":9680,"segmentation":[],"iscrowd":0},{"id":64,"image_id":27,"category_id":1,"bbox":[0,95,72,104],"area":7488,"segmentation":[],"iscrowd":0},{"id":65,"image_id":27,"category_id":1,"bbox":[240,44,80,115],"area":9200,"segmentation":[],"iscrowd":0},{"id":66,"image_id":27,"category_id":1,"bbox":[10,185,70,76],"area":5320,"segmentation":[],"iscrowd":0},{"id":67,"image_id":27,"category_id":1,"bbox":[70,177,76,89],"area":6764,"segmentation":[],"iscrowd":0},{"id":68,"image_id":27,"category_id":1,"bbox":[237,119,51,80],"area":4080,"segmentation":[],"iscrowd":0},{"id":69,"image_id":27,"category_id":1,"bbox":[131,70,106,129],"area":13674,"segmentation":[],"iscrowd":0},{"id":70,"image_id":27,"category_id":1,"bbox":[54,51,95,98],"area":9310,"segmentation":[],"iscrowd":0},{"id":71,"image_id":28,"category_id":1,"bbox":[233,39,87,120],"area":10440,"segmentation":[],"iscrowd":0},{"id":72,"image_id":28,"category_id":1,"bbox":[152,20,56,95],"area":5320,"segmentation":[],"iscrowd":0},{"id":73,"image_id":29,"category_id":1,"bbox":[0,53,196,210],"area":41160,"segmentation":[],"iscrowd":0},{"id":74,"image_id":29,"category_id":1,"bbox":[128,198,184,122],"area":22448,"segmentation":[],"iscrowd":0},{"id":75,"image_id":30,"category_id":1,"bbox":[105,73,157,179],"area":28103,"segmentation":[],"iscrowd":0},{"id":76,"image_id":31,"category_id":1,"bbox":[0,6,187,201],"area":37587,"segmentation":[],"iscrowd":0},{"id":77,"image_id":31,"category_id":1,"bbox":[4,149,191,171],"area":32661,"segmentation":[],"iscrowd":0},{"id":78,"image_id":31,"category_id":1,"bbox":[147,0,173,251],"area":43423,"segmentation":[],"iscrowd":0},{"id":79,"image_id":32,"category_id":1,"bbox":[0,0,311,320],"area":99520,"segmentation":[],"iscrowd":0},{"id":80,"image_id":32,"category_id":1,"bbox":[237,0,83,317],"area":26311,"segmentation":[],"iscrowd":0},{"id":81,"image_id":33,"category_id":1,"bbox":[8,20,108,113],"area":12204,"segmentation":[],"iscrowd":0},{"id":82,"image_id":33,"category_id":1,"bbox":[82,44,160,172],"area":27520,"segmentation":[],"iscrowd":0},{"id":83,"image_id":33,"category_id":1,"bbox":[185,207,83,102],"area":8466,"segmentation":[],"iscrowd":0},{"id":84,"image_id":34,"category_id":1,"bbox":[0,97,73,105],"area":7665,"segmentation":[],"iscrowd":0},{"id":85,"image_id":34,"category_id":1,"bbox":[239,42,81,115],"area":9315,"segmentation":[],"iscrowd":0},{"id":86,"image_id":34,"category_id":1,"bbox":[10,186,71,77],"area":5467,"segmentation":[],"iscrowd":0},{"id":87,"image_id":34,"category_id":1,"bbox":[70,177,77,90],"area":6930,"segmentation":[],"iscrowd":0},{"id":88,"image_id":34,"category_id":1,"bbox":[236,117,52,80],"area":4160,"segmentation":[],"iscrowd":0},{"id":89,"image_id":34,"category_id":1,"bbox":[130,70,108,130],"area":14040,"segmentation":[],"iscrowd":0},{"id":90,"image_id":34,"category_id":1,"bbox":[53,52,96,99],"area":9504,"segmentation":[],"iscrowd":0},{"id":91,"image_id":35,"category_id":1,"bbox":[122,50,136,140],"area":19040,"segmentation":[],"iscrowd":0},{"id":92,"image_id":36,"category_id":1,"bbox":[0,0,320,320],"area":102400,"segmentation":[],"iscrowd":0},{"id":93,"image_id":37,"category_id":1,"bbox":[0,4,268,316],"area":84688,"segmentation":[],"iscrowd":0},{"id":94,"image_id":38,"category_id":1,"bbox":[166,81,154,220],"area":33880,"segmentation":[],"iscrowd":0},{"id":95,"image_id":39,"category_id":1,"bbox":[67,131,114,99],"area":11286,"segmentation":[],"iscrowd":0},{"id":96,"image_id":39,"category_id":1,"bbox":[163,124,83,79],"area":6557,"segmentation":[],"iscrowd":0},{"id":97,"image_id":40,"category_id":1,"bbox":[0,0,320,320],"area":102400,"segmentation":[],"iscrowd":0},{"id":98,"image_id":41,"category_id":1,"bbox":[142,76,131,136],"area":17816,"segmentation":[],"iscrowd":0},{"id":99,"image_id":42,"category_id":1,"bbox":[185,129,95,138],"area":13110,"segmentation":[],"iscrowd":0},{"id":100,"image_id":42,"category_id":1,"bbox":[135,166,76,91],"area":6916,"segmentation":[],"iscrowd":0},{"id":101,"image_id":42,"category_id":1,"bbox":[135,78,72,92],"area":6624,"segmentation":[],"iscrowd":0},{"id":102,"image_id":43,"category_id":1,"bbox":[0,0,306,320],"area":97920,"segmentation":[],"iscrowd":0},{"id":103,"image_id":43,"category_id":1,"bbox":[243,0,77,320],"area":24640,"segmentation":[],"iscrowd":0},{"id":104,"image_id":44,"category_id":1,"bbox":[36,217,147,103],"area":15141,"segmentation":[],"iscrowd":0},{"id":105,"image_id":44,"category_id":1,"bbox":[0,116,25,51],"area":1275,"segmentation":[],"iscrowd":0},{"id":106,"image_id":45,"category_id":1,"bbox":[36,160,56,56],"area":3136,"segmentation":[],"iscrowd":0},{"id":107,"image_id":45,"category_id":1,"bbox":[44,110,47,51],"area":2397,"segmentation":[],"iscrowd":0},{"id":108,"image_id":45,"category_id":1,"bbox":[87,59,68,65],"area":4420,"segmentation":[],"iscrowd":0},{"id":109,"image_id":45,"category_id":1,"bbox":[183,83,51,51],"area":2601,"segmentation":[],"iscrowd":0},{"id":110,"image_id":45,"category_id":1,"bbox":[143,135,49,54],"area":2646,"segmentation":[],"iscrowd":0},{"id":111,"image_id":45,"category_id":1,"bbox":[69,127,50,54],"area":2700,"segmentation":[],"iscrowd":0},{"id":112,"image_id":45,"category_id":1,"bbox":[102,160,49,53],"area":2597,"segmentation":[],"iscrowd":0},{"id":113,"image_id":45,"category_id":1,"bbox":[224,180,50,52],"area":2600,"segmentation":[],"iscrowd":0},{"id":114,"image_id":45,"category_id":1,"bbox":[200,121,58,47],"area":2726,"segmentation":[],"iscrowd":0},{"id":115,"image_id":45,"category_id":1,"bbox":[214,157,44,43],"area":1892,"segmentation":[],"iscrowd":0},{"id":116,"image_id":46,"category_id":1,"bbox":[117,0,164,82],"area":13448,"segmentation":[],"iscrowd":0},{"id":117,"image_id":46,"category_id":1,"bbox":[87,217,87,103],"area":8961,"segmentation":[],"iscrowd":0},{"id":118,"image_id":47,"category_id":1,"bbox":[27,218,134,102],"area":13668,"segmentation":[],"iscrowd":0},{"id":119,"image_id":47,"category_id":1,"bbox":[0,97,26,48],"area":1248,"segmentation":[],"iscrowd":0},{"id":120,"image_id":48,"category_id":1,"bbox":[71,131,95.38,71.03],"area":6774.841,"segmentation":[],"iscrowd":0},{"id":121,"image_id":48,"category_id":1,"bbox":[167,149,67.18,59.49],"area":3996.538,"segmentation":[],"iscrowd":0},{"id":122,"image_id":50,"category_id":1,"bbox":[162,34,158,229],"area":36182,"segmentation":[],"iscrowd":0},{"id":123,"image_id":52,"category_id":1,"bbox":[0,0,320,274],"area":87680,"segmentation":[],"iscrowd":0},{"id":124,"image_id":52,"category_id":1,"bbox":[0,223,320,97],"area":31040,"segmentation":[],"iscrowd":0},{"id":125,"image_id":53,"category_id":1,"bbox":[0,0,319,320],"area":102080,"segmentation":[],"iscrowd":0},{"id":126,"image_id":53,"category_id":1,"bbox":[228,0,92,312],"area":28704,"segmentation":[],"iscrowd":0},{"id":127,"image_id":54,"category_id":1,"bbox":[83,18,194,162],"area":31428,"segmentation":[],"iscrowd":0},{"id":128,"image_id":54,"category_id":1,"bbox":[35,15,74,101.33],"area":7498.42,"segmentation":[],"iscrowd":0},{"id":129,"image_id":54,"category_id":1,"bbox":[0,112,102,207],"area":21114,"segmentation":[],"iscrowd":0},{"id":130,"image_id":55,"category_id":1,"bbox":[9,0,122,30],"area":3660,"segmentation":[],"iscrowd":0},{"id":131,"image_id":55,"category_id":1,"bbox":[0,21,43,150],"area":6450,"segmentation":[],"iscrowd":0},{"id":132,"image_id":55,"category_id":1,"bbox":[74,67,126,142],"area":17892,"segmentation":[],"iscrowd":0},{"id":133,"image_id":56,"category_id":1,"bbox":[0,62,84,93],"area":7812,"segmentation":[],"iscrowd":0},{"id":134,"image_id":56,"category_id":1,"bbox":[91,60,124.55,141.36],"area":17606.388,"segmentation":[],"iscrowd":0},{"id":135,"image_id":56,"category_id":1,"bbox":[223,190,59.09,89.09],"area":5264.328,"segmentation":[],"iscrowd":0},{"id":136,"image_id":57,"category_id":1,"bbox":[0,0,320,320],"area":102400,"segmentation":[],"iscrowd":0},{"id":137,"image_id":58,"category_id":1,"bbox":[0,0,320,320],"area":102400,"segmentation":[],"iscrowd":0},{"id":138,"image_id":59,"category_id":1,"bbox":[187,75,133,200],"area":26600,"segmentation":[],"iscrowd":0},{"id":139,"image_id":60,"category_id":1,"bbox":[0,77,183,184],"area":33672,"segmentation":[],"iscrowd":0},{"id":140,"image_id":60,"category_id":1,"bbox":[153,200,167,120],"area":20040,"segmentation":[],"iscrowd":0},{"id":141,"image_id":61,"category_id":1,"bbox":[0,74,184,187],"area":34408,"segmentation":[],"iscrowd":0},{"id":142,"image_id":61,"category_id":1,"bbox":[150,200,169,120],"area":20280,"segmentation":[],"iscrowd":0},{"id":143,"image_id":62,"category_id":1,"bbox":[0,0,320,320],"area":102400,"segmentation":[],"iscrowd":0},{"id":144,"image_id":63,"category_id":1,"bbox":[0,99,296,191],"area":56536,"segmentation":[],"iscrowd":0},{"id":145,"image_id":64,"category_id":1,"bbox":[0,0,320,320],"area":102400,"segmentation":[],"iscrowd":0},{"id":146,"image_id":64,"category_id":1,"bbox":[0,167,290,153],"area":44370,"segmentation":[],"iscrowd":0},{"id":147,"image_id":65,"category_id":1,"bbox":[0,0,320,320],"area":102400,"segmentation":[],"iscrowd":0},{"id":148,"image_id":66,"category_id":1,"bbox":[0,27,45,150],"area":6750,"segmentation":[],"iscrowd":0},{"id":149,"image_id":66,"category_id":1,"bbox":[38,26,124.21,288.42],"area":35824.648,"segmentation":[],"iscrowd":0},{"id":150,"image_id":66,"category_id":1,"bbox":[49,0,208,77],"area":16016,"segmentation":[],"iscrowd":0},{"id":151,"image_id":66,"category_id":1,"bbox":[198,0,122,135],"area":16470,"segmentation":[],"iscrowd":0},{"id":152,"image_id":66,"category_id":1,"bbox":[179,271,141,49],"area":6909,"segmentation":[],"iscrowd":0},{"id":153,"image_id":68,"category_id":1,"bbox":[116,78,133.43,160.57],"area":21424.855,"segmentation":[],"iscrowd":0},{"id":154,"image_id":69,"category_id":1,"bbox":[0,70,84,101],"area":8484,"segmentation":[],"iscrowd":0},{"id":155,"image_id":69,"category_id":1,"bbox":[81,55,139,154],"area":21406,"segmentation":[],"iscrowd":0},{"id":156,"image_id":69,"category_id":1,"bbox":[226,177,68,95],"area":6460,"segmentation":[],"iscrowd":0},{"id":157,"image_id":70,"category_id":1,"bbox":[0,0,171,123],"area":21033,"segmentation":[],"iscrowd":0},{"id":158,"image_id":71,"category_id":1,"bbox":[281,64,39,220],"area":8580,"segmentation":[],"iscrowd":0},{"id":159,"image_id":71,"category_id":1,"bbox":[154,0,160,184],"area":29440,"segmentation":[],"iscrowd":0},{"id":160,"image_id":72,"category_id":1,"bbox":[0,6,64,155],"area":9920,"segmentation":[],"iscrowd":0},{"id":161,"image_id":72,"category_id":1,"bbox":[18,11,163,303],"area":49389,"segmentation":[],"iscrowd":0},{"id":162,"image_id":72,"category_id":1,"bbox":[61,0,217,91],"area":19747,"segmentation":[],"iscrowd":0},{"id":163,"image_id":72,"category_id":1,"bbox":[201,6,119,151],"area":17969,"segmentation":[],"iscrowd":0},{"id":164,"image_id":72,"category_id":1,"bbox":[157,272,146,48],"area":7008,"segmentation":[],"iscrowd":0},{"id":165,"image_id":73,"category_id":1,"bbox":[70,128,98,74],"area":7252,"segmentation":[],"iscrowd":0},{"id":166,"image_id":73,"category_id":1,"bbox":[166,149,69,62],"area":4278,"segmentation":[],"iscrowd":0},{"id":167,"image_id":74,"category_id":1,"bbox":[0,76,69,93],"area":6417,"segmentation":[],"iscrowd":0},{"id":168,"image_id":74,"category_id":1,"bbox":[259,73,61,105],"area":6405,"segmentation":[],"iscrowd":0},{"id":169,"image_id":74,"category_id":1,"bbox":[6,166,58.42,66.32],"area":3874.414,"segmentation":[],"iscrowd":0},{"id":170,"image_id":74,"category_id":1,"bbox":[66,170,61.58,78.95],"area":4861.741,"segmentation":[],"iscrowd":0},{"id":171,"image_id":74,"category_id":1,"bbox":[241,141,37.89,73.68],"area":2791.735,"segmentation":[],"iscrowd":0},{"id":172,"image_id":74,"category_id":1,"bbox":[146,82,85.79,114.74],"area":9843.545,"segmentation":[],"iscrowd":0},{"id":173,"image_id":74,"category_id":1,"bbox":[74,48,80,84.21],"area":6736.8,"segmentation":[],"iscrowd":0},{"id":174,"image_id":75,"category_id":1,"bbox":[0,0,309,320],"area":98880,"segmentation":[],"iscrowd":0},{"id":175,"image_id":76,"category_id":1,"bbox":[56,0,163,72],"area":11736,"segmentation":[],"iscrowd":0},{"id":176,"image_id":76,"category_id":1,"bbox":[143,220,80,100],"area":8000,"segmentation":[],"iscrowd":0},{"id":177,"image_id":78,"category_id":1,"bbox":[281,64,39,220],"area":8580,"segmentation":[],"iscrowd":0},{"id":178,"image_id":78,"category_id":1,"bbox":[154,0,160,184],"area":29440,"segmentation":[],"iscrowd":0},{"id":179,"image_id":79,"category_id":1,"bbox":[194,92,94,138],"area":12972,"segmentation":[],"iscrowd":0},{"id":180,"image_id":79,"category_id":1,"bbox":[158,155,75,90],"area":6750,"segmentation":[],"iscrowd":0},{"id":181,"image_id":79,"category_id":1,"bbox":[118,78,71,91],"area":6461,"segmentation":[],"iscrowd":0},{"id":182,"image_id":80,"category_id":1,"bbox":[21,0,124,28],"area":3472,"segmentation":[],"iscrowd":0},{"id":183,"image_id":80,"category_id":1,"bbox":[0,9,55,151],"area":8305,"segmentation":[],"iscrowd":0},{"id":184,"image_id":80,"category_id":1,"bbox":[71,61,137,151],"area":20687,"segmentation":[],"iscrowd":0},{"id":185,"image_id":81,"category_id":1,"bbox":[117,117,117,110],"area":12870,"segmentation":[],"iscrowd":0},{"id":186,"image_id":81,"category_id":1,"bbox":[305,208,15,66],"area":990,"segmentation":[],"iscrowd":0},{"id":187,"image_id":82,"category_id":1,"bbox":[81,2,231,209],"area":48279,"segmentation":[],"iscrowd":0},{"id":188,"image_id":82,"category_id":1,"bbox":[52,0,99,103],"area":10197,"segmentation":[],"iscrowd":0},{"id":189,"image_id":82,"category_id":1,"bbox":[0,70,117,227],"area":26559,"segmentation":[],"iscrowd":0},{"id":190,"image_id":83,"category_id":1,"bbox":[30,218,139,102],"area":14178,"segmentation":[],"iscrowd":0},{"id":191,"image_id":83,"category_id":1,"bbox":[0,104,25,49],"area":1225,"segmentation":[],"iscrowd":0}]}